-- platform-db migration 017
-- Commercial compliance: customer_visible frameworks, Drantiq assessment seed (ADR-015)
-- Generated by compliance-engine/scripts/build_policy_catalog.py

ALTER TABLE compliance_v2.frameworks
  ADD COLUMN IF NOT EXISTS customer_visible BOOLEAN NOT NULL DEFAULT false,
  ADD COLUMN IF NOT EXISTS requires_license BOOLEAN NOT NULL DEFAULT false,
  ADD COLUMN IF NOT EXISTS display_title TEXT;

ALTER TABLE compliance_v2.controls
  ADD COLUMN IF NOT EXISTS display_title TEXT;

ALTER TABLE policy.policies
  ADD COLUMN IF NOT EXISTS display_title TEXT;

-- Hide licensed CIS framework from customer API
UPDATE compliance_v2.frameworks
SET customer_visible = false,
    requires_license = true,
    display_title = title
WHERE framework_id = 'cis_aws_v6';

-- Drantiq brand framework (customer primary)
INSERT INTO compliance_v2.frameworks (
  framework_id, title, provider, version_label, enabled, customer_visible, requires_license, display_title
)
VALUES (
  'drantiq_security_assessment_v1',
  'Drantiq Security Assessment',
  'aws',
  'v1.0.0',
  true,
  true,
  false,
  'Drantiq Security Assessment'
)
ON CONFLICT (framework_id) DO UPDATE
  SET title = EXCLUDED.title,
      display_title = EXCLUDED.display_title,
      customer_visible = true,
      requires_license = false,
      enabled = true;

INSERT INTO compliance_v2.framework_versions (framework_id, version_name, published_at)
VALUES ('drantiq_security_assessment_v1', 'v1.0.0', now())
ON CONFLICT (framework_id, version_name) DO NOTHING;

INSERT INTO compliance_v2.controls (
  framework_id, control_id, control_ref, title, display_title, domain, severity, assessment_type, enabled
)
VALUES
  ('drantiq_security_assessment_v1', 'AWS_EFS_001', 'efs-encryption', 'EFS file systems must be encrypted', 'EFS encryption disabled', 'efs', 'high', 'automated', true),
  ('drantiq_security_assessment_v1', 'AWS_IAM_001', 'iam-root-access-keys', 'Root user must not have access keys', 'Root account has active access keys', 'iam', 'critical', 'automated', true),
  ('drantiq_security_assessment_v1', 'AWS_IAM_002', 'iam-root-mfa', 'Root user must have MFA enabled', 'Root account missing MFA', 'iam', 'critical', 'automated', true),
  ('drantiq_security_assessment_v1', 'AWS_IAM_003', 'iam-password-min-length', 'IAM password policy minimum length', 'Weak IAM password length policy', 'iam', 'medium', 'automated', true),
  ('drantiq_security_assessment_v1', 'AWS_IAM_004', 'iam-password-reuse', 'IAM password policy prevents reuse', 'IAM password reuse not restricted', 'iam', 'medium', 'automated', true),
  ('drantiq_security_assessment_v1', 'AWS_IAM_005', 'iam-user-mfa', 'IAM user must have MFA enabled', 'IAM user without MFA', 'iam', 'high', 'automated', true),
  ('drantiq_security_assessment_v1', 'AWS_IAM_006', 'iam-credentials-unused', 'Unused IAM credentials must be disabled', 'Unused IAM credentials still active', 'iam', 'medium', 'automated', true),
  ('drantiq_security_assessment_v1', 'AWS_IAM_007', 'iam-single-access-key', 'IAM user must have at most one active access key', 'IAM user has multiple active access keys', 'iam', 'medium', 'automated', true),
  ('drantiq_security_assessment_v1', 'AWS_IAM_008', 'iam-access-key-rotation', 'IAM access keys must be rotated within 90 days', 'Stale IAM access key detected', 'iam', 'medium', 'automated', true),
  ('drantiq_security_assessment_v1', 'AWS_IAM_009', 'iam-permissions-via-groups', 'IAM users must receive permissions via groups', 'IAM user has direct policy attachments', 'iam', 'medium', 'automated', true),
  ('drantiq_security_assessment_v1', 'AWS_IAM_010', 'iam-admin-policies', 'IAM users must not have full admin policies attached', 'IAM user has administrator access', 'iam', 'high', 'automated', true),
  ('drantiq_security_assessment_v1', 'AWS_IAM_011', 'iam-support-role', 'AWS Support role must exist', 'AWS Support access role missing', 'iam', 'low', 'automated', true),
  ('drantiq_security_assessment_v1', 'AWS_IAM_012', 'iam-instance-roles', 'EC2 instances must use IAM instance roles', 'EC2 instance missing IAM role', 'iam', 'medium', 'automated', true),
  ('drantiq_security_assessment_v1', 'AWS_IAM_013', 'iam-expired-certificates', 'Expired IAM SSL/TLS certificates must be removed', 'Expired IAM server certificate', 'iam', 'medium', 'automated', true),
  ('drantiq_security_assessment_v1', 'AWS_IAM_014', 'iam-access-analyzer', 'IAM Access Analyzer must be enabled', 'IAM Access Analyzer disabled', 'iam', 'medium', 'automated', true),
  ('drantiq_security_assessment_v1', 'AWS_LOG_001', 'cloudtrail-validation', 'CloudTrail log file validation must be enabled', 'CloudTrail log validation disabled', 'logging', 'medium', 'automated', true),
  ('drantiq_security_assessment_v1', 'AWS_LOG_002', 'config-enabled', 'AWS Config must be enabled', 'AWS Config not enabled', 'logging', 'medium', 'automated', true),
  ('drantiq_security_assessment_v1', 'AWS_LOG_003', 'cloudtrail-kms', 'CloudTrail logs must use KMS encryption', 'CloudTrail logs not KMS encrypted', 'logging', 'medium', 'automated', true),
  ('drantiq_security_assessment_v1', 'AWS_LOG_004', 'kms-rotation', 'KMS key rotation must be enabled', 'KMS key rotation disabled', 'logging', 'medium', 'automated', true),
  ('drantiq_security_assessment_v1', 'AWS_LOG_005', 'vpc-flow-logs', 'VPC flow logging must be enabled', 'VPC flow logs disabled', 'logging', 'medium', 'automated', true),
  ('drantiq_security_assessment_v1', 'AWS_LOG_006', 'security-hub-enabled', 'AWS Security Hub must be enabled', 'Security Hub not enabled', 'logging', 'medium', 'automated', true),
  ('drantiq_security_assessment_v1', 'AWS_NET_001', 'ebs-encryption-default', 'EBS default encryption must be enabled', 'Default EBS encryption disabled', 'network', 'high', 'automated', true),
  ('drantiq_security_assessment_v1', 'AWS_NET_002', 'cifs-restricted', 'CIFS access must be restricted', 'Unrestricted CIFS in security group', 'network', 'medium', 'automated', true),
  ('drantiq_security_assessment_v1', 'AWS_NET_003', 'nacl-admin-ports', 'NACLs must not allow unrestricted admin ports', 'NACL allows unrestricted admin ports', 'network', 'high', 'automated', true),
  ('drantiq_security_assessment_v1', 'AWS_NET_004', 'sg-admin-ports-ipv4', 'Security groups must not allow unrestricted admin ports (IPv4)', 'Security group allows admin ports (IPv4)', 'network', 'high', 'automated', true),
  ('drantiq_security_assessment_v1', 'AWS_NET_005', 'sg-admin-ports-ipv6', 'Security groups must not allow unrestricted admin ports (IPv6)', 'Security group allows admin ports (IPv6)', 'network', 'high', 'automated', true),
  ('drantiq_security_assessment_v1', 'AWS_NET_006', 'default-sg-restricts-traffic', 'Default security group must restrict all traffic', 'Default security group not restrictive', 'network', 'medium', 'automated', true),
  ('drantiq_security_assessment_v1', 'AWS_NET_007', 'ec2-imdsv2', 'EC2 instances must require IMDSv2', 'EC2 instance not requiring IMDSv2', 'network', 'high', 'automated', true),
  ('drantiq_security_assessment_v1', 'AWS_RDS_001', 'rds-encryption', 'RDS instance encryption at rest must be enabled', 'RDS storage encryption disabled', 'rds', 'high', 'automated', true),
  ('drantiq_security_assessment_v1', 'AWS_RDS_002', 'rds-auto-upgrade', 'RDS auto minor version upgrade must be enabled', 'RDS auto minor version upgrade disabled', 'rds', 'medium', 'automated', true),
  ('drantiq_security_assessment_v1', 'AWS_RDS_003', 'rds-public', 'RDS instances must not be publicly accessible', 'RDS instance publicly accessible', 'rds', 'critical', 'automated', true),
  ('drantiq_security_assessment_v1', 'AWS_S3_001', 's3-deny-http', 'S3 bucket policy must deny HTTP requests', 'S3 bucket allows insecure HTTP', 's3', 'high', 'automated', true),
  ('drantiq_security_assessment_v1', 'AWS_S3_002', 's3-public-access', 'S3 bucket must block public access', 'Public S3 bucket detected', 's3', 'critical', 'automated', true),
  ('drantiq_security_assessment_v1', 'AWS_S3_003', 's3-write-logging', 'S3 bucket write events must be logged', 'S3 write activity not logged', 's3', 'medium', 'automated', true),
  ('drantiq_security_assessment_v1', 'AWS_S3_004', 's3-read-logging', 'S3 bucket read events must be logged', 'S3 read activity not logged', 's3', 'medium', 'automated', true)
ON CONFLICT (framework_id, control_id) DO UPDATE
  SET control_ref = EXCLUDED.control_ref,
      title = EXCLUDED.title,
      display_title = EXCLUDED.display_title,
      domain = EXCLUDED.domain,
      severity = EXCLUDED.severity;

INSERT INTO compliance_v2.policy_mappings (framework_id, control_id, policy_id)
VALUES
  ('drantiq_security_assessment_v1', 'AWS_EFS_001', 'AWS_EFS_001'),
  ('drantiq_security_assessment_v1', 'AWS_IAM_001', 'AWS_IAM_001'),
  ('drantiq_security_assessment_v1', 'AWS_IAM_002', 'AWS_IAM_002'),
  ('drantiq_security_assessment_v1', 'AWS_IAM_003', 'AWS_IAM_003'),
  ('drantiq_security_assessment_v1', 'AWS_IAM_004', 'AWS_IAM_004'),
  ('drantiq_security_assessment_v1', 'AWS_IAM_005', 'AWS_IAM_005'),
  ('drantiq_security_assessment_v1', 'AWS_IAM_006', 'AWS_IAM_006'),
  ('drantiq_security_assessment_v1', 'AWS_IAM_007', 'AWS_IAM_007'),
  ('drantiq_security_assessment_v1', 'AWS_IAM_008', 'AWS_IAM_008'),
  ('drantiq_security_assessment_v1', 'AWS_IAM_009', 'AWS_IAM_009'),
  ('drantiq_security_assessment_v1', 'AWS_IAM_010', 'AWS_IAM_010'),
  ('drantiq_security_assessment_v1', 'AWS_IAM_011', 'AWS_IAM_011'),
  ('drantiq_security_assessment_v1', 'AWS_IAM_012', 'AWS_IAM_012'),
  ('drantiq_security_assessment_v1', 'AWS_IAM_013', 'AWS_IAM_013'),
  ('drantiq_security_assessment_v1', 'AWS_IAM_014', 'AWS_IAM_014'),
  ('drantiq_security_assessment_v1', 'AWS_LOG_001', 'AWS_LOG_001'),
  ('drantiq_security_assessment_v1', 'AWS_LOG_002', 'AWS_LOG_002'),
  ('drantiq_security_assessment_v1', 'AWS_LOG_003', 'AWS_LOG_003'),
  ('drantiq_security_assessment_v1', 'AWS_LOG_004', 'AWS_LOG_004'),
  ('drantiq_security_assessment_v1', 'AWS_LOG_005', 'AWS_LOG_005'),
  ('drantiq_security_assessment_v1', 'AWS_LOG_006', 'AWS_LOG_006'),
  ('drantiq_security_assessment_v1', 'AWS_NET_001', 'AWS_NET_001'),
  ('drantiq_security_assessment_v1', 'AWS_NET_002', 'AWS_NET_002'),
  ('drantiq_security_assessment_v1', 'AWS_NET_003', 'AWS_NET_003'),
  ('drantiq_security_assessment_v1', 'AWS_NET_004', 'AWS_NET_004'),
  ('drantiq_security_assessment_v1', 'AWS_NET_005', 'AWS_NET_005'),
  ('drantiq_security_assessment_v1', 'AWS_NET_006', 'AWS_NET_006'),
  ('drantiq_security_assessment_v1', 'AWS_NET_007', 'AWS_NET_007'),
  ('drantiq_security_assessment_v1', 'AWS_RDS_001', 'AWS_RDS_001'),
  ('drantiq_security_assessment_v1', 'AWS_RDS_002', 'AWS_RDS_002'),
  ('drantiq_security_assessment_v1', 'AWS_RDS_003', 'AWS_RDS_003'),
  ('drantiq_security_assessment_v1', 'AWS_S3_001', 'AWS_S3_001'),
  ('drantiq_security_assessment_v1', 'AWS_S3_002', 'AWS_S3_002'),
  ('drantiq_security_assessment_v1', 'AWS_S3_003', 'AWS_S3_003'),
  ('drantiq_security_assessment_v1', 'AWS_S3_004', 'AWS_S3_004')
ON CONFLICT (framework_id, control_id, policy_id) DO NOTHING;

-- NIST 800-53 lens (subset mapped from policy catalog; expanded in P4)
INSERT INTO compliance_v2.frameworks (
  framework_id, title, provider, version_label, enabled, customer_visible, requires_license, display_title
)
VALUES (
  'nist_800_53_rev5_aws',
  'NIST SP 800-53 Rev. 5 (AWS)',
  'aws',
  'rev5',
  true,
  true,
  false,
  'NIST 800-53 (AWS)'
)
ON CONFLICT (framework_id) DO UPDATE
  SET title = EXCLUDED.title,
      display_title = EXCLUDED.display_title,
      customer_visible = true,
      requires_license = false,
      enabled = true;

INSERT INTO compliance_v2.framework_versions (framework_id, version_name, published_at)
VALUES ('nist_800_53_rev5_aws', 'rev5', now())
ON CONFLICT (framework_id, version_name) DO NOTHING;

INSERT INTO compliance_v2.controls (
  framework_id, control_id, control_ref, title, display_title, domain, severity, assessment_type, enabled
)
VALUES
  ('nist_800_53_rev5_aws', 'AC-2', 'AC-2', 'NIST 800-53 AC-2', 'IAM Access Analyzer disabled', 'nist', 'medium', 'automated', true),
  ('nist_800_53_rev5_aws', 'AC-3', 'AC-3', 'NIST 800-53 AC-3', 'Public S3 bucket detected', 'nist', 'medium', 'automated', true),
  ('nist_800_53_rev5_aws', 'AU-12', 'AU-12', 'NIST 800-53 AU-12', 'VPC flow logs disabled', 'nist', 'medium', 'automated', true),
  ('nist_800_53_rev5_aws', 'AU-9', 'AU-9', 'NIST 800-53 AU-9', 'CloudTrail log validation disabled', 'nist', 'medium', 'automated', true),
  ('nist_800_53_rev5_aws', 'CM-2', 'CM-2', 'NIST 800-53 CM-2', 'AWS Config not enabled', 'nist', 'medium', 'automated', true),
  ('nist_800_53_rev5_aws', 'SC-28', 'SC-28', 'NIST 800-53 SC-28', 'Default EBS encryption disabled', 'nist', 'medium', 'automated', true),
  ('nist_800_53_rev5_aws', 'SC-7', 'SC-7', 'NIST 800-53 SC-7', 'NACL allows unrestricted admin ports', 'nist', 'medium', 'automated', true),
  ('nist_800_53_rev5_aws', 'SI-4', 'SI-4', 'NIST 800-53 SI-4', 'Security Hub not enabled', 'nist', 'medium', 'automated', true)
ON CONFLICT (framework_id, control_id) DO UPDATE
  SET title = EXCLUDED.title,
      display_title = EXCLUDED.display_title;

INSERT INTO compliance_v2.policy_mappings (framework_id, control_id, policy_id)
VALUES
  ('nist_800_53_rev5_aws', 'AC-2', 'AWS_IAM_014'),
  ('nist_800_53_rev5_aws', 'AC-3', 'AWS_S3_002'),
  ('nist_800_53_rev5_aws', 'AU-12', 'AWS_LOG_005'),
  ('nist_800_53_rev5_aws', 'AU-9', 'AWS_LOG_001'),
  ('nist_800_53_rev5_aws', 'CM-2', 'AWS_LOG_002'),
  ('nist_800_53_rev5_aws', 'SC-28', 'AWS_NET_001'),
  ('nist_800_53_rev5_aws', 'SC-7', 'AWS_NET_003'),
  ('nist_800_53_rev5_aws', 'SI-4', 'AWS_LOG_006')
ON CONFLICT (framework_id, control_id, policy_id) DO NOTHING;

-- Sync policy display_title from catalog (best-effort for existing rows)
UPDATE policy.policies SET display_title = 'EFS encryption disabled' WHERE policy_id = 'AWS_EFS_001';
UPDATE policy.policies SET display_title = 'Root account has active access keys' WHERE policy_id = 'AWS_IAM_001';
UPDATE policy.policies SET display_title = 'Root account missing MFA' WHERE policy_id = 'AWS_IAM_002';
UPDATE policy.policies SET display_title = 'Weak IAM password length policy' WHERE policy_id = 'AWS_IAM_003';
UPDATE policy.policies SET display_title = 'IAM password reuse not restricted' WHERE policy_id = 'AWS_IAM_004';
UPDATE policy.policies SET display_title = 'IAM user without MFA' WHERE policy_id = 'AWS_IAM_005';
UPDATE policy.policies SET display_title = 'Unused IAM credentials still active' WHERE policy_id = 'AWS_IAM_006';
UPDATE policy.policies SET display_title = 'IAM user has multiple active access keys' WHERE policy_id = 'AWS_IAM_007';
UPDATE policy.policies SET display_title = 'Stale IAM access key detected' WHERE policy_id = 'AWS_IAM_008';
UPDATE policy.policies SET display_title = 'IAM user has direct policy attachments' WHERE policy_id = 'AWS_IAM_009';
UPDATE policy.policies SET display_title = 'IAM user has administrator access' WHERE policy_id = 'AWS_IAM_010';
UPDATE policy.policies SET display_title = 'AWS Support access role missing' WHERE policy_id = 'AWS_IAM_011';
UPDATE policy.policies SET display_title = 'EC2 instance missing IAM role' WHERE policy_id = 'AWS_IAM_012';
UPDATE policy.policies SET display_title = 'Expired IAM server certificate' WHERE policy_id = 'AWS_IAM_013';
UPDATE policy.policies SET display_title = 'IAM Access Analyzer disabled' WHERE policy_id = 'AWS_IAM_014';
UPDATE policy.policies SET display_title = 'CloudTrail log validation disabled' WHERE policy_id = 'AWS_LOG_001';
UPDATE policy.policies SET display_title = 'AWS Config not enabled' WHERE policy_id = 'AWS_LOG_002';
UPDATE policy.policies SET display_title = 'CloudTrail logs not KMS encrypted' WHERE policy_id = 'AWS_LOG_003';
UPDATE policy.policies SET display_title = 'KMS key rotation disabled' WHERE policy_id = 'AWS_LOG_004';
UPDATE policy.policies SET display_title = 'VPC flow logs disabled' WHERE policy_id = 'AWS_LOG_005';
UPDATE policy.policies SET display_title = 'Security Hub not enabled' WHERE policy_id = 'AWS_LOG_006';
UPDATE policy.policies SET display_title = 'Default EBS encryption disabled' WHERE policy_id = 'AWS_NET_001';
UPDATE policy.policies SET display_title = 'Unrestricted CIFS in security group' WHERE policy_id = 'AWS_NET_002';
UPDATE policy.policies SET display_title = 'NACL allows unrestricted admin ports' WHERE policy_id = 'AWS_NET_003';
UPDATE policy.policies SET display_title = 'Security group allows admin ports (IPv4)' WHERE policy_id = 'AWS_NET_004';
UPDATE policy.policies SET display_title = 'Security group allows admin ports (IPv6)' WHERE policy_id = 'AWS_NET_005';
UPDATE policy.policies SET display_title = 'Default security group not restrictive' WHERE policy_id = 'AWS_NET_006';
UPDATE policy.policies SET display_title = 'EC2 instance not requiring IMDSv2' WHERE policy_id = 'AWS_NET_007';
UPDATE policy.policies SET display_title = 'RDS storage encryption disabled' WHERE policy_id = 'AWS_RDS_001';
UPDATE policy.policies SET display_title = 'RDS auto minor version upgrade disabled' WHERE policy_id = 'AWS_RDS_002';
UPDATE policy.policies SET display_title = 'RDS instance publicly accessible' WHERE policy_id = 'AWS_RDS_003';
UPDATE policy.policies SET display_title = 'S3 bucket allows insecure HTTP' WHERE policy_id = 'AWS_S3_001';
UPDATE policy.policies SET display_title = 'Public S3 bucket detected' WHERE policy_id = 'AWS_S3_002';
UPDATE policy.policies SET display_title = 'S3 write activity not logged' WHERE policy_id = 'AWS_S3_003';
UPDATE policy.policies SET display_title = 'S3 read activity not logged' WHERE policy_id = 'AWS_S3_004';
