-- platform-db migration 028
-- Azure core policy pack (Phase 4)
-- Generated by compliance-engine/scripts/build_policy_catalog.py

INSERT INTO compliance_v2.controls (
  framework_id, control_id, control_ref, title, display_title, domain, severity, assessment_type, enabled
)
VALUES
  ('drantiq_security_assessment_v1', 'AZURE_STG_001', 'storage-https-required', 'Storage account must require secure transfer (HTTPS)', 'Storage account allows insecure HTTP', 'storage', 'high', 'automated', true),
  ('drantiq_security_assessment_v1', 'AZURE_STG_002', 'storage-tls-12', 'Storage account must enforce minimum TLS 1.2', 'Storage account minimum TLS below 1.2', 'storage', 'high', 'automated', true),
  ('drantiq_security_assessment_v1', 'AZURE_STG_003', 'storage-no-public-blob', 'Storage account must disable anonymous blob public access', 'Storage account allows public blob access', 'storage', 'critical', 'automated', true),
  ('drantiq_security_assessment_v1', 'AZURE_NET_001', 'nsg-no-ssh-internet', 'Network security group must not allow SSH (22) from 0.0.0.0/0', 'NSG allows SSH from the internet', 'network', 'high', 'automated', true),
  ('drantiq_security_assessment_v1', 'AZURE_NET_002', 'nsg-no-rdp-internet', 'Network security group must not allow RDP (3389) from 0.0.0.0/0', 'NSG allows RDP from the internet', 'network', 'high', 'automated', true),
  ('drantiq_security_assessment_v1', 'AZURE_KV_001', 'keyvault-soft-delete', 'Key Vault must have soft delete enabled', 'Key Vault soft delete disabled', 'security', 'high', 'automated', true),
  ('drantiq_security_assessment_v1', 'AZURE_KV_002', 'keyvault-purge-protection', 'Key Vault must have purge protection enabled', 'Key Vault purge protection disabled', 'security', 'high', 'automated', true),
  ('drantiq_security_assessment_v1', 'AZURE_DEF_001', 'defender-standard', 'Microsoft Defender for Cloud standard pricing must be enabled', 'Microsoft Defender for Cloud standard tier not enabled', 'security', 'high', 'automated', true),
  ('drantiq_security_assessment_v1', 'AZURE_ID_001', 'subscription-owner-limit', 'Subscription must have at most three Owner role assignments', 'Too many subscription owners assigned', 'identity', 'high', 'automated', true),
  ('drantiq_security_assessment_v1', 'AZURE_DB_001', 'database-no-public-access', 'Database server must not allow public network access', 'Database server publicly accessible', 'data', 'critical', 'automated', true),
  ('drantiq_security_assessment_v1', 'AZURE_DB_002', 'database-tls-enforced', 'Azure SQL server must enforce minimum TLS 1.2', 'SQL server TLS not enforced', 'data', 'high', 'automated', true),
  ('drantiq_security_assessment_v1', 'AZURE_CMP_001', 'vm-no-public-ip', 'Virtual machine must not expose a public IP address', 'Virtual machine has a public IP address', 'compute', 'high', 'automated', true),
  ('drantiq_security_assessment_v1', 'AZURE_CMP_002', 'vm-os-disk-encrypted', 'Virtual machine OS disk must use platform or customer-managed encryption', 'VM OS disk encryption not confirmed', 'compute', 'high', 'automated', true)
ON CONFLICT (framework_id, control_id) DO UPDATE
  SET control_ref = EXCLUDED.control_ref,
      title = EXCLUDED.title,
      display_title = EXCLUDED.display_title,
      domain = EXCLUDED.domain,
      severity = EXCLUDED.severity,
      assessment_type = EXCLUDED.assessment_type,
      enabled = true;

INSERT INTO compliance_v2.policy_mappings (framework_id, control_id, policy_id)
VALUES
  ('drantiq_security_assessment_v1', 'AZURE_STG_001', 'AZURE_STG_001'),
  ('drantiq_security_assessment_v1', 'AZURE_STG_002', 'AZURE_STG_002'),
  ('drantiq_security_assessment_v1', 'AZURE_STG_003', 'AZURE_STG_003'),
  ('drantiq_security_assessment_v1', 'AZURE_NET_001', 'AZURE_NET_001'),
  ('drantiq_security_assessment_v1', 'AZURE_NET_002', 'AZURE_NET_002'),
  ('drantiq_security_assessment_v1', 'AZURE_KV_001', 'AZURE_KV_001'),
  ('drantiq_security_assessment_v1', 'AZURE_KV_002', 'AZURE_KV_002'),
  ('drantiq_security_assessment_v1', 'AZURE_DEF_001', 'AZURE_DEF_001'),
  ('drantiq_security_assessment_v1', 'AZURE_ID_001', 'AZURE_ID_001'),
  ('drantiq_security_assessment_v1', 'AZURE_DB_001', 'AZURE_DB_001'),
  ('drantiq_security_assessment_v1', 'AZURE_DB_002', 'AZURE_DB_002'),
  ('drantiq_security_assessment_v1', 'AZURE_CMP_001', 'AZURE_CMP_001'),
  ('drantiq_security_assessment_v1', 'AZURE_CMP_002', 'AZURE_CMP_002')
ON CONFLICT (framework_id, control_id, policy_id) DO NOTHING;

INSERT INTO compliance_v2.frameworks (
  framework_id, title, provider, version_label, enabled, customer_visible, requires_license, display_title
)
VALUES (
  'nist_800_53_rev5_azure',
  'NIST SP 800-53 Rev. 5 (Azure)',
  'azure',
  'rev5',
  true,
  true,
  false,
  'NIST 800-53 (Azure)'
)
ON CONFLICT (framework_id) DO UPDATE
  SET title = EXCLUDED.title,
      display_title = EXCLUDED.display_title,
      customer_visible = true,
      requires_license = false,
      enabled = true;

INSERT INTO compliance_v2.framework_versions (framework_id, version_name, published_at)
VALUES ('nist_800_53_rev5_azure', 'rev5', now())
ON CONFLICT (framework_id, version_name) DO NOTHING;

DELETE FROM compliance_v2.policy_mappings WHERE framework_id = 'nist_800_53_rev5_azure';

UPDATE compliance_v2.controls SET enabled = false WHERE framework_id = 'nist_800_53_rev5_azure';

INSERT INTO compliance_v2.controls (
  framework_id, control_id, control_ref, title, display_title, domain, severity, assessment_type, enabled
)
VALUES
  ('nist_800_53_rev5_azure', 'AC-2', 'AC-2', 'NIST 800-53 AC-2', 'Account management', 'access', 'high', 'automated', true),
  ('nist_800_53_rev5_azure', 'AC-3', 'AC-3', 'NIST 800-53 AC-3', 'Access enforcement', 'access', 'high', 'automated', true),
  ('nist_800_53_rev5_azure', 'AC-4', 'AC-4', 'NIST 800-53 AC-4', 'Information flow enforcement', 'network', 'high', 'automated', true),
  ('nist_800_53_rev5_azure', 'AC-5', 'AC-5', 'NIST 800-53 AC-5', 'Separation of duties', 'access', 'medium', 'automated', true),
  ('nist_800_53_rev5_azure', 'CP-9', 'CP-9', 'NIST 800-53 CP-9', 'System backup', 'contingency', 'medium', 'automated', true),
  ('nist_800_53_rev5_azure', 'RA-5', 'RA-5', 'NIST 800-53 RA-5', 'Vulnerability monitoring and scanning', 'risk', 'medium', 'automated', true),
  ('nist_800_53_rev5_azure', 'SC-7', 'SC-7', 'NIST 800-53 SC-7', 'Boundary protection', 'network', 'high', 'automated', true),
  ('nist_800_53_rev5_azure', 'SC-8', 'SC-8', 'NIST 800-53 SC-8', 'Transmission confidentiality and integrity', 'crypto', 'high', 'automated', true),
  ('nist_800_53_rev5_azure', 'SC-12', 'SC-12', 'NIST 800-53 SC-12', 'Cryptographic key establishment and management', 'crypto', 'high', 'automated', true),
  ('nist_800_53_rev5_azure', 'SC-13', 'SC-13', 'NIST 800-53 SC-13', 'Cryptographic protection', 'crypto', 'high', 'automated', true),
  ('nist_800_53_rev5_azure', 'SC-28', 'SC-28', 'NIST 800-53 SC-28', 'Protection of information at rest', 'crypto', 'high', 'automated', true),
  ('nist_800_53_rev5_azure', 'SI-4', 'SI-4', 'NIST 800-53 SI-4', 'System monitoring', 'monitoring', 'medium', 'automated', true)
ON CONFLICT (framework_id, control_id) DO UPDATE
  SET control_ref = EXCLUDED.control_ref,
      title = EXCLUDED.title,
      display_title = EXCLUDED.display_title,
      domain = EXCLUDED.domain,
      severity = EXCLUDED.severity,
      assessment_type = EXCLUDED.assessment_type,
      enabled = true;

UPDATE compliance_v2.controls
SET enabled = false
WHERE framework_id = 'nist_800_53_rev5_azure'
  AND control_id NOT IN ('AC-2', 'AC-3', 'AC-4', 'AC-5', 'CP-9', 'RA-5', 'SC-7', 'SC-8', 'SC-12', 'SC-13', 'SC-28', 'SI-4');

INSERT INTO compliance_v2.policy_mappings (framework_id, control_id, policy_id)
VALUES
  ('nist_800_53_rev5_azure', 'AC-2', 'AZURE_ID_001'),
  ('nist_800_53_rev5_azure', 'AC-3', 'AZURE_STG_003'),
  ('nist_800_53_rev5_azure', 'AC-4', 'AZURE_NET_001'),
  ('nist_800_53_rev5_azure', 'AC-4', 'AZURE_NET_002'),
  ('nist_800_53_rev5_azure', 'AC-4', 'AZURE_DB_001'),
  ('nist_800_53_rev5_azure', 'AC-4', 'AZURE_CMP_001'),
  ('nist_800_53_rev5_azure', 'AC-5', 'AZURE_ID_001'),
  ('nist_800_53_rev5_azure', 'CP-9', 'AZURE_KV_001'),
  ('nist_800_53_rev5_azure', 'CP-9', 'AZURE_KV_002'),
  ('nist_800_53_rev5_azure', 'RA-5', 'AZURE_DEF_001'),
  ('nist_800_53_rev5_azure', 'SC-7', 'AZURE_STG_003'),
  ('nist_800_53_rev5_azure', 'SC-7', 'AZURE_NET_001'),
  ('nist_800_53_rev5_azure', 'SC-7', 'AZURE_NET_002'),
  ('nist_800_53_rev5_azure', 'SC-7', 'AZURE_DB_001'),
  ('nist_800_53_rev5_azure', 'SC-7', 'AZURE_CMP_001'),
  ('nist_800_53_rev5_azure', 'SC-8', 'AZURE_STG_001'),
  ('nist_800_53_rev5_azure', 'SC-8', 'AZURE_STG_002'),
  ('nist_800_53_rev5_azure', 'SC-8', 'AZURE_DB_002'),
  ('nist_800_53_rev5_azure', 'SC-12', 'AZURE_KV_001'),
  ('nist_800_53_rev5_azure', 'SC-12', 'AZURE_KV_002'),
  ('nist_800_53_rev5_azure', 'SC-13', 'AZURE_STG_001'),
  ('nist_800_53_rev5_azure', 'SC-13', 'AZURE_STG_002'),
  ('nist_800_53_rev5_azure', 'SC-13', 'AZURE_DB_002'),
  ('nist_800_53_rev5_azure', 'SC-28', 'AZURE_CMP_002'),
  ('nist_800_53_rev5_azure', 'SI-4', 'AZURE_DEF_001')
ON CONFLICT (framework_id, control_id, policy_id) DO NOTHING;

INSERT INTO compliance_v2.frameworks (
  framework_id, title, provider, version_label, enabled, customer_visible, requires_license, display_title
)
VALUES (
  'soc2_azure',
  'SOC 2 Trust Services Criteria (Azure technical)',
  'azure',
  '2017',
  true,
  true,
  false,
  'SOC 2 (Azure)'
)
ON CONFLICT (framework_id) DO UPDATE
  SET title = EXCLUDED.title,
      display_title = EXCLUDED.display_title,
      customer_visible = true,
      requires_license = false,
      enabled = true;

INSERT INTO compliance_v2.framework_versions (framework_id, version_name, published_at)
VALUES ('soc2_azure', '2017', now())
ON CONFLICT (framework_id, version_name) DO NOTHING;

DELETE FROM compliance_v2.policy_mappings WHERE framework_id = 'soc2_azure';

UPDATE compliance_v2.controls SET enabled = false WHERE framework_id = 'soc2_azure';

INSERT INTO compliance_v2.controls (
  framework_id, control_id, control_ref, title, display_title, domain, severity, assessment_type, enabled
)
VALUES
  ('soc2_azure', 'CC6.1', 'CC6.1', 'SOC 2 CC6.1', 'Logical access — encryption in transit', 'security', 'medium', 'automated', true),
  ('soc2_azure', 'CC6.3', 'CC6.3', 'SOC 2 CC6.3', 'Logical access — privileged access', 'security', 'high', 'automated', true),
  ('soc2_azure', 'CC6.4', 'CC6.4', 'SOC 2 CC6.4', 'Logical access — network restrictions', 'security', 'high', 'automated', true),
  ('soc2_azure', 'CC6.6', 'CC6.6', 'SOC 2 CC6.6', 'Logical access — data exposure', 'security', 'high', 'automated', true),
  ('soc2_azure', 'CC6.7', 'CC6.7', 'SOC 2 CC6.7', 'Logical access — encryption at rest', 'security', 'high', 'automated', true),
  ('soc2_azure', 'CC7.3', 'CC7.3', 'SOC 2 CC7.3', 'System operations — threat detection', 'availability', 'medium', 'automated', true)
ON CONFLICT (framework_id, control_id) DO UPDATE
  SET control_ref = EXCLUDED.control_ref,
      title = EXCLUDED.title,
      display_title = EXCLUDED.display_title,
      domain = EXCLUDED.domain,
      severity = EXCLUDED.severity,
      assessment_type = EXCLUDED.assessment_type,
      enabled = true;

UPDATE compliance_v2.controls
SET enabled = false
WHERE framework_id = 'soc2_azure'
  AND control_id NOT IN ('CC6.1', 'CC6.3', 'CC6.4', 'CC6.6', 'CC6.7', 'CC7.3');

INSERT INTO compliance_v2.policy_mappings (framework_id, control_id, policy_id)
VALUES
  ('soc2_azure', 'CC6.1', 'AZURE_STG_001'),
  ('soc2_azure', 'CC6.1', 'AZURE_STG_002'),
  ('soc2_azure', 'CC6.1', 'AZURE_DB_002'),
  ('soc2_azure', 'CC6.3', 'AZURE_ID_001'),
  ('soc2_azure', 'CC6.4', 'AZURE_NET_001'),
  ('soc2_azure', 'CC6.4', 'AZURE_NET_002'),
  ('soc2_azure', 'CC6.4', 'AZURE_DB_001'),
  ('soc2_azure', 'CC6.4', 'AZURE_CMP_001'),
  ('soc2_azure', 'CC6.6', 'AZURE_STG_001'),
  ('soc2_azure', 'CC6.6', 'AZURE_STG_003'),
  ('soc2_azure', 'CC6.7', 'AZURE_KV_001'),
  ('soc2_azure', 'CC6.7', 'AZURE_KV_002'),
  ('soc2_azure', 'CC6.7', 'AZURE_CMP_002'),
  ('soc2_azure', 'CC7.3', 'AZURE_DEF_001')
ON CONFLICT (framework_id, control_id, policy_id) DO NOTHING;
